variant,CER_mean,CER_median,CER_variance,CER_min,CER_max,WER_mean,WER_median,WER_variance,WER_min,WER_max
crop_none_psm3,0.16101198413752202,0.1125,0.023545869770272978,0.014925373134328358,1.0,0.6452374811618509,0.6363636363636364,0.0444782710713356,0.07692307692307693,1.0
crop_none_psm6,0.15663845653822614,0.11956521739130435,0.014195990340973975,0.014925373134328358,0.6811594202898551,0.6875259907122653,0.6666666666666666,0.05763687881991345,0.14285714285714285,1.625
full_none_psm3,0.402033244574549,0.22340425531914893,0.22864355820145393,0.057692307692307696,2.5714285714285716,1.1356231912604462,0.8181818181818182,2.2695539362329087,0.23076923076923078,10.75
full_none_psm6,4.932349970761098,3.8536585365853657,12.82318555643587,0.7023809523809523,18.028985507246375,13.444283033078552,11.75,88.98521448169188,1.9230769230769231,43.77777777777778
